supplier_id,country,supplier_name,avg_temperature_celsius,rainfall_mm_per_year,extreme_events_per_year,cost_per_unit_usd,lead_time_days,quality_score,reliability_score,climate_risk_level,predicted_climate_risk,climate_risk_score,cost_normalized,lead_time_normalized,quality_normalized,composite_score,rank
58,Colombia,Colombia_Supplier_8,18.93,1981.14,1.0,4.67,22,0.951,0.792,Low,Low,1.0,0.5276967930029155,0.9411764705882353,0.9002036659877799,0.8472590490953438,1
95,Colombia,Colombia_Supplier_45,21.68,1667.03,6.0,4.35,23,0.906,0.788,Low,Low,1.0,0.620991253644315,0.9117647058823529,0.8085539714867618,0.8448997841790193,2
89,Colombia,Colombia_Supplier_39,23.07,1819.1,2.0,4.46,21,0.872,0.802,Low,Low,1.0,0.5889212827988338,0.9705882352941176,0.7393075356415478,0.8377388866515474,3
53,Colombia,Colombia_Supplier_3,20.99,1586.92,4.0,4.57,25,0.943,1.0,Low,Low,1.0,0.5568513119533527,0.8529411764705882,0.8839103869653767,0.8292301994990605,4
30,Brazil,Brazil_Supplier_30,25.15,1366.6,6.0,3.65,25,0.778,0.738,Low,Low,1.0,0.8250728862973761,0.8529411764705882,0.5478615071283096,0.8290758171176531,5
248,Honduras,Honduras_Supplier_48,21.81,1402.1,7.0,3.82,27,0.829,0.754,Low,Low,1.0,0.7755102040816326,0.7941176470588236,0.6517311608961303,0.8227531949643401,6
37,Brazil,Brazil_Supplier_37,20.89,1394.1,2.0,3.58,27,0.782,0.717,Low,Low,1.0,0.8454810495626821,0.7941176470588236,0.5560081466395113,0.8211013034832786,7
98,Colombia,Colombia_Supplier_48,21.31,1586.99,3.0,4.99,21,0.919,0.744,Low,Low,1.0,0.43440233236151604,0.9705882352941176,0.835030549898167,0.8182537518935418,8
82,Colombia,Colombia_Supplier_32,21.6,2165.04,3.0,5.04,20,0.902,0.777,Low,Low,1.0,0.41982507288629745,1.0,0.8004073319755601,0.8150377346166864,9
57,Colombia,Colombia_Supplier_7,22.62,1687.04,3.0,4.23,29,0.914,0.684,Low,Low,1.0,0.6559766763848396,0.7352941176470589,0.8248472505091651,0.8127871486098077,10
226,Honduras,Honduras_Supplier_26,21.93,1678.43,5.0,3.74,29,0.824,0.702,Low,Low,1.0,0.7988338192419824,0.7352941176470589,0.6415478615071282,0.8118415565236861,11
217,Honduras,Honduras_Supplier_17,20.09,1303.28,4.0,4.49,31,0.991,0.798,Low,Low,1.0,0.5801749271137027,0.6764705882352942,0.9816700610997963,0.8104953910572086,12
212,Honduras,Honduras_Supplier_12,20.38,1671.47,4.0,3.7,30,0.823,0.671,Low,Low,1.0,0.8104956268221574,0.7058823529411764,0.6395112016293278,0.8069967352666991,13
27,Brazil,Brazil_Supplier_27,23.36,1198.18,2.0,3.67,25,0.726,0.987,Low,Low,1.0,0.8192419825072886,0.8529411764705882,0.44195519348268836,0.8064368284410068,14
2,Brazil,Brazil_Supplier_2,21.47,1243.39,4.0,3.94,32,0.897,0.777,Low,Low,1.0,0.7405247813411079,0.6470588235294117,0.790224032586558,0.8049407077349415,15
9,Brazil,Brazil_Supplier_9,20.86,1025.14,7.0,3.62,30,0.8,0.916,Low,Low,1.0,0.8338192419825072,0.7058823529411764,0.5926680244399186,0.8034590036189047,16
93,Colombia,Colombia_Supplier_43,22.43,1738.78,2.0,4.59,23,0.847,0.873,Low,Low,1.0,0.5510204081632654,0.9117647058823529,0.6883910386965376,0.8033744862507122,17
75,Colombia,Colombia_Supplier_25,19.33,1731.07,1.0,4.21,31,0.9,0.745,Low,Low,1.0,0.6618075801749271,0.6764705882352942,0.7963340122199594,0.7938363445465472,18
211,Honduras,Honduras_Supplier_11,24.49,1254.07,4.0,4.52,25,0.846,0.617,Low,Low,1.0,0.5714285714285716,0.8529411764705882,0.6863543788187372,0.7933633127385373,19
135,Vietnam,Vietnam_Supplier_35,23.21,1628.66,7.0,3.6,33,0.821,0.764,Low,Low,1.0,0.8396501457725947,0.6176470588235294,0.635437881873727,0.7914118775237764,20
70,Colombia,Colombia_Supplier_20,18.85,1676.39,5.0,4.03,29,0.823,0.739,Low,Low,1.0,0.7142857142857142,0.7352941176470589,0.6395112016293278,0.7902971983090588,21
223,Honduras,Honduras_Supplier_23,23.0,1543.7,6.0,3.83,31,0.795,0.757,Low,Low,1.0,0.7725947521865889,0.6764705882352942,0.5824847250509165,0.7787632801156541,22
125,Vietnam,Vietnam_Supplier_25,24.28,1890.67,4.0,3.6,41,0.933,0.823,Low,Low,1.0,0.8396501457725947,0.38235294117647056,0.8635437881873728,0.7782095293747409,23
97,Colombia,Colombia_Supplier_47,21.22,2092.94,3.0,4.26,33,0.904,0.958,Low,Low,1.0,0.6472303206997085,0.6176470588235294,0.8044806517311609,0.7771154752270417,24
88,Colombia,Colombia_Supplier_38,19.08,2067.95,2.0,4.59,33,0.963,0.842,Low,Low,1.0,0.5510204081632654,0.6176470588235294,0.9246435845213848,0.7770955836509756,25
44,Brazil,Brazil_Supplier_44,25.37,1416.25,7.0,3.54,40,0.899,0.888,Low,Low,1.0,0.8571428571428571,0.4117647058823529,0.7942973523421589,0.7760863612247343,26
28,Brazil,Brazil_Supplier_28,20.78,1393.29,5.0,3.57,32,0.756,1.0,Low,Low,1.0,0.8483965014577259,0.6470588235294117,0.5030549898167006,0.7744748292101244,27
84,Colombia,Colombia_Supplier_34,20.86,2163.67,3.0,4.52,28,0.849,0.767,Low,Low,1.0,0.5714285714285716,0.7647058823529411,0.6924643584521385,0.7725264851358058,28
74,Colombia,Colombia_Supplier_24,21.86,1908.73,1.0,4.31,30,0.841,0.853,Low,Low,1.0,0.6326530612244899,0.7058823529411764,0.6761710794297352,0.7698680694273636,29
48,Brazil,Brazil_Supplier_48,22.77,1717.43,4.0,3.75,30,0.739,0.696,Low,Low,1.0,0.7959183673469388,0.7058823529411764,0.4684317718940937,0.7691365344508475,30
83,Colombia,Colombia_Supplier_33,18.5,2103.15,2.0,4.71,30,0.907,0.675,Low,Low,1.0,0.5160349854227406,0.7058823529411764,0.8105906313645622,0.7675974608638917,31
5,Brazil,Brazil_Supplier_5,24.16,1437.37,7.0,3.79,25,0.649,0.642,Low,Low,1.0,0.7842565597667638,0.8529411764705882,0.28513238289205706,0.7663259106377494,32
81,Colombia,Colombia_Supplier_31,21.33,2151.42,2.0,4.27,33,0.876,0.948,Low,Low,1.0,0.6443148688046649,0.6176470588235294,0.7474541751527495,0.7649813169375985,33
32,Brazil,Brazil_Supplier_32,25.88,1642.78,6.0,4.66,31,0.905,0.756,Low,Low,1.0,0.5306122448979591,0.6764705882352942,0.8065173116089613,0.7630741706051056,34
141,Vietnam,Vietnam_Supplier_41,22.35,1995.89,4.0,3.18,36,0.73,0.687,Low,Low,1.0,0.9620991253644314,0.5294117647058824,0.45010183299388995,0.7628980891163564,35
79,Colombia,Colombia_Supplier_29,20.55,1522.47,3.0,4.28,32,0.852,0.885,Low,Low,1.0,0.6413994169096209,0.6470588235294117,0.6985743380855397,0.761829427726866,36
11,Brazil,Brazil_Supplier_11,20.06,1408.6,3.0,4.91,31,0.939,0.817,Low,Low,1.0,0.4577259475218659,0.6764705882352942,0.8757637474541751,0.7587018834301251,37
31,Brazil,Brazil_Supplier_31,20.57,1255.18,3.0,3.68,38,0.84,0.831,Low,Low,1.0,0.8163265306122448,0.47058823529411764,0.6741344195519348,0.7565555753869775,38
241,Honduras,Honduras_Supplier_41,23.62,1061.58,7.0,3.53,39,0.831,0.605,Low,Low,1.0,0.8600583090379009,0.4411764705882353,0.655804480651731,0.7564695910368802,39
24,Brazil,Brazil_Supplier_24,20.24,1503.27,5.0,4.43,26,0.755,0.735,Low,Low,1.0,0.5976676384839651,0.8235294117647058,0.5010183299389002,0.7555029285499477,40
245,Honduras,Honduras_Supplier_45,24.43,1011.0,4.0,4.42,35,0.911,0.82,Low,Low,1.0,0.6005830903790088,0.5588235294117647,0.8187372708757638,0.7535991091228462,41
178,Ethiopia,Ethiopia_Supplier_28,16.75,1399.02,6.0,4.93,35,1.0,0.568,Low,Low,1.0,0.4518950437317786,0.5588235294117647,1.0,0.7526796432858858,42
47,Brazil,Brazil_Supplier_47,25.07,1192.12,2.0,3.73,27,0.64,0.849,Low,Low,1.0,0.8017492711370262,0.7941176470588236,0.2668024439918534,0.7523272183473331,43
87,Colombia,Colombia_Supplier_37,19.11,2041.9,6.0,4.44,34,0.893,0.871,Low,Low,1.0,0.5947521865889212,0.5882352941176471,0.7820773930753564,0.7521623487917133,44
45,Brazil,Brazil_Supplier_45,21.7,1109.1,2.0,4.38,32,0.839,0.786,Low,Low,1.0,0.6122448979591837,0.6470588235294117,0.6720977596741343,0.7492454823069756,45
91,Colombia,Colombia_Supplier_41,23.32,2115.86,1.0,5.74,20,0.858,0.957,Low,Low,1.0,0.21574344023323622,1.0,0.7107942973523421,0.7460947195287775,46
219,Honduras,Honduras_Supplier_19,20.11,1234.65,4.0,4.1,34,0.817,0.788,Low,Low,1.0,0.6938775510204083,0.5882352941176471,0.6272912423625253,0.7459864597570189,47
76,Colombia,Colombia_Supplier_26,19.43,1599.44,6.0,4.59,33,0.883,0.725,Low,Low,1.0,0.5510204081632654,0.6176470588235294,0.7617107942973523,0.744509025606169,48
108,Vietnam,Vietnam_Supplier_8,22.07,1257.96,7.0,3.72,32,0.7,0.634,Low,Low,1.0,0.8046647230320699,0.6470588235294117,0.3890020366598777,0.740731293972346,49
51,Colombia,Colombia_Supplier_1,23.37,2011.68,2.0,5.07,23,0.774,0.708,Low,Low,1.0,0.4110787172011662,0.9117647058823529,0.539714867617108,0.7386538292943013,50
14,Brazil,Brazil_Supplier_14,20.33,1472.71,2.0,3.84,37,0.804,0.709,Low,Low,1.0,0.7696793002915452,0.5,0.6008146639511203,0.7375827578631103,51
55,Colombia,Colombia_Supplier_5,19.71,1673.37,3.0,5.96,21,0.889,0.842,Low,Low,1.0,0.15160349854227417,0.9705882352941176,0.7739307535641549,0.7353340841719289,52
208,Honduras,Honduras_Supplier_8,25.69,1057.85,7.0,3.65,31,0.65,0.644,Low,Low,1.0,0.8250728862973761,0.6764705882352942,0.28716904276985744,0.7328196771871391,53
23,Brazil,Brazil_Supplier_23,22.7,1300.47,2.0,4.2,35,0.819,0.639,Low,Low,1.0,0.6647230320699709,0.5588235294117647,0.6313645621181262,0.7321595527940592,54
96,Colombia,Colombia_Supplier_46,20.1,1557.84,6.0,4.31,32,0.779,0.78,Low,Low,1.0,0.6326530612244899,0.6470588235294117,0.54989816700611,0.7299076045896974,55
244,Honduras,Honduras_Supplier_44,22.6,1206.97,6.0,4.93,26,0.779,0.697,Low,Low,1.0,0.4518950437317786,0.8235294117647058,0.54989816700611,0.7288357472753431,56
38,Brazil,Brazil_Supplier_38,25.97,1503.27,6.0,4.95,25,0.757,0.898,Low,Low,1.0,0.4460641399416909,0.8529411764705882,0.505091649694501,0.72576965904197,57
52,Colombia,Colombia_Supplier_2,18.12,1822.08,5.0,5.78,28,0.956,0.915,Low,Low,1.0,0.20408163265306123,0.7647058823529411,0.910386965376782,0.724274271826857,58
169,Ethiopia,Ethiopia_Supplier_19,20.13,1364.48,3.0,5.02,38,1.0,0.623,Low,Low,1.0,0.425655976676385,0.47058823529411764,1.0,0.7240610529926257,59
202,Honduras,Honduras_Supplier_2,22.08,1464.37,10.0,4.29,25,1.0,0.57,Medium,Medium,0.5,0.6384839650145773,0.8529411764705882,1.0,0.7228562853712913,60
118,Vietnam,Vietnam_Supplier_18,23.24,1289.54,4.0,3.18,39,0.681,0.795,Low,Low,1.0,0.9620991253644314,0.4411764705882353,0.3503054989816701,0.7208799987845007,61
133,Vietnam,Vietnam_Supplier_33,22.48,1268.53,5.0,3.78,31,0.638,0.82,Low,Low,1.0,0.7871720116618076,0.6764705882352942,0.26272912423625255,0.718456474821526,62
220,Honduras,Honduras_Supplier_20,22.75,1318.4,6.0,3.62,39,0.752,0.743,Low,Low,1.0,0.8338192419825072,0.4411764705882353,0.49490835030549896,0.7177305982037854,63
120,Vietnam,Vietnam_Supplier_20,25.09,1591.08,3.0,4.06,34,0.728,0.685,Low,Low,1.0,0.7055393586005831,0.5882352941176471,0.4460285132382892,0.7126493658272153,64
94,Colombia,Colombia_Supplier_44,20.31,2179.65,3.0,4.84,33,0.845,0.917,Low,Low,1.0,0.47813411078717205,0.6176470588235294,0.6843177189409368,0.7108088361908628,65
136,Vietnam,Vietnam_Supplier_36,25.13,1698.87,6.0,3.45,35,0.63,0.726,Low,Low,1.0,0.8833819241982507,0.5588235294117647,0.24643584521384929,0.7098385324452736,66
221,Honduras,Honduras_Supplier_21,25.78,1060.48,7.0,5.12,34,0.908,0.618,Low,Low,1.0,0.3965014577259476,0.5882352941176471,0.8126272912423625,0.7087096462093712,67
60,Colombia,Colombia_Supplier_10,23.63,1681.23,2.0,5.68,22,0.791,0.909,Low,Low,1.0,0.23323615160349875,0.9411764705882353,0.5743380855397149,0.7084707726558764,68
26,Brazil,Brazil_Supplier_26,23.27,1138.64,5.0,4.93,39,0.962,0.903,Low,Low,1.0,0.4518950437317786,0.4411764705882353,0.9226069246435844,0.7077892635087204,69
69,Colombia,Colombia_Supplier_19,18.03,1833.5,4.0,5.48,26,0.824,0.7,Low,Low,1.0,0.29154518950437314,0.8235294117647058,0.6415478615071282,0.7070782226186954,70
25,Brazil,Brazil_Supplier_25,24.33,1509.94,7.0,3.54,44,0.8,0.887,Low,Low,1.0,0.8571428571428571,0.2941176470588235,0.5926680244399186,0.7063487309384038,71
109,Vietnam,Vietnam_Supplier_9,25.71,1761.97,3.0,3.13,37,0.6,0.722,Low,Low,1.0,0.9766763848396501,0.5,0.185336048879837,0.7062363059858799,72
68,Colombia,Colombia_Supplier_18,18.68,2484.84,5.0,4.8,20,0.957,0.792,Medium,Medium,0.5,0.48979591836734704,1.0,0.9124236252545824,0.7049337046427533,73
174,Ethiopia,Ethiopia_Supplier_24,19.18,1488.88,5.0,4.53,46,1.0,0.722,Low,Low,1.0,0.5685131195335276,0.23529411764705888,1.0,0.7009518092951466,74
36,Brazil,Brazil_Supplier_36,20.68,1789.31,7.0,4.67,36,0.836,0.784,Low,Low,1.0,0.5276967930029155,0.5294117647058824,0.6659877800407331,0.6974746954353461,75
78,Colombia,Colombia_Supplier_28,21.31,1936.13,3.0,5.74,27,0.861,0.865,Low,Low,1.0,0.21574344023323622,0.7941176470588236,0.7169042769857433,0.6958461272201636,76
61,Colombia,Colombia_Supplier_11,18.98,1664.27,6.0,4.88,25,0.663,0.815,Low,Low,1.0,0.4664723032069972,0.8529411764705882,0.31364562118126277,0.6925824941556489,77
159,Ethiopia,Ethiopia_Supplier_9,22.08,1352.03,3.0,5.37,36,0.948,0.563,Low,Low,1.0,0.32361516034985427,0.5294117647058824,0.8940936863543787,0.6920754685348098,78
148,Vietnam,Vietnam_Supplier_48,23.04,1278.72,4.0,4.45,35,0.761,0.881,Low,Low,1.0,0.5918367346938775,0.5588235294117647,0.5132382892057027,0.690312723867551,79
62,Colombia,Colombia_Supplier_12,22.49,2002.72,5.0,4.23,34,0.702,0.964,Low,Low,1.0,0.6559766763848396,0.5882352941176471,0.3930753564154785,0.6896680639087174,80
85,Colombia,Colombia_Supplier_35,21.58,1834.24,2.0,5.46,27,0.787,1.0,Low,Low,1.0,0.2973760932944607,0.7941176470588236,0.5661914460285133,0.6861117242940238,81
191,Ethiopia,Ethiopia_Supplier_41,21.08,1016.56,5.0,5.77,36,1.0,0.79,Low,Low,1.0,0.20699708454810517,0.5294117647058824,1.0,0.6841022123134969,82
12,Brazil,Brazil_Supplier_12,22.91,1777.43,5.0,4.41,35,0.731,0.83,Low,Low,1.0,0.6034985422740524,0.5588235294117647,0.4521384928716904,0.6810082164957924,83
42,Brazil,Brazil_Supplier_42,23.05,1775.93,5.0,4.8,41,0.902,0.831,Low,Low,1.0,0.48979591836734704,0.38235294117647056,0.8004073319755601,0.6781186812810664,84
110,Vietnam,Vietnam_Supplier_10,25.41,1751.57,5.0,3.05,48,0.706,0.685,Low,Low,1.0,1.0,0.17647058823529416,0.4012219959266802,0.6743620462441595,85
17,Brazil,Brazil_Supplier_17,27.1,1623.9,4.0,3.51,27,0.767,0.678,Medium,Medium,0.5,0.8658892128279884,0.7941176470588236,0.5254582484725051,0.6700933646662041,86
122,Vietnam,Vietnam_Supplier_22,25.95,1515.09,6.0,4.31,45,0.861,0.795,Low,Low,1.0,0.6326530612244899,0.2647058823529411,0.7169042769857433,0.6677205912915065,87
176,Ethiopia,Ethiopia_Supplier_26,23.28,1034.65,3.0,4.98,37,0.834,0.5,Low,Low,1.0,0.43731778425655965,0.5,0.6619144602851323,0.6667123381211664,88
162,Ethiopia,Ethiopia_Supplier_12,17.99,1458.48,6.0,5.47,37,0.921,0.662,Low,Low,1.0,0.2944606413994171,0.5,0.8391038696537679,0.6664359342806079,89
3,Brazil,Brazil_Supplier_3,21.6,1411.39,3.0,3.6,43,0.69,0.771,Low,Low,1.0,0.8396501457725947,0.32352941176470584,0.3686354378818736,0.6645219769606998,90
80,Colombia,Colombia_Supplier_30,19.03,1772.31,1.0,5.83,21,0.687,0.905,Low,Low,1.0,0.18950437317784263,0.9705882352941176,0.3625254582484726,0.6625282437676846,91
229,Honduras,Honduras_Supplier_29,25.36,1757.17,10.0,3.64,26,0.751,0.791,Medium,Medium,0.5,0.8279883381924198,0.8235294117647058,0.49287169042769857,0.6614537755748212,92
249,Honduras,Honduras_Supplier_49,24.88,1548.11,6.0,4.21,37,0.683,0.821,Low,Low,1.0,0.6618075801749271,0.5,0.35437881873727095,0.661327658791186,93
59,Colombia,Colombia_Supplier_9,19.53,2181.5,5.0,5.66,34,0.887,0.79,Low,Low,1.0,0.23906705539358608,0.5882352941176471,0.769857433808554,0.660797074139519,94
54,Colombia,Colombia_Supplier_4,20.14,2486.52,2.0,4.31,23,0.812,0.809,Medium,Medium,0.5,0.6326530612244899,0.9117647058823529,0.6171079429735236,0.6595260303714154,95
128,Vietnam,Vietnam_Supplier_28,25.66,1772.92,5.0,3.79,44,0.716,0.656,Low,Low,1.0,0.7842565597667638,0.2941176470588235,0.42158859470468424,0.6539112706473337,96
6,Brazil,Brazil_Supplier_6,22.17,1662.99,4.0,3.61,44,0.682,0.861,Low,Low,1.0,0.8367346938775511,0.2941176470588235,0.35234215885947057,0.6531815170059878,97
149,Vietnam,Vietnam_Supplier_49,24.29,1364.55,5.0,4.45,45,0.846,0.93,Low,Low,1.0,0.5918367346938775,0.2647058823529411,0.6863543788187372,0.6514065300254521,98
107,Vietnam,Vietnam_Supplier_7,22.7,1300.15,5.0,3.4,45,0.655,0.561,Low,Low,1.0,0.8979591836734694,0.2647058823529411,0.29735234215885953,0.6501367349383745,99
232,Honduras,Honduras_Supplier_32,24.45,1678.74,12.0,4.82,26,0.93,0.758,Medium,Medium,0.5,0.4839650145772594,0.8235294117647058,0.8574338085539716,0.6483603682962856,100
231,Honduras,Honduras_Supplier_31,25.84,1180.9,4.0,4.96,39,0.818,0.605,Low,Low,1.0,0.4431486880466473,0.4411764705882353,0.6293279022403258,0.6469468701067858,101
64,Colombia,Colombia_Supplier_14,22.57,2376.77,3.0,4.25,25,0.806,0.888,Medium,Medium,0.5,0.6501457725947521,0.8529411764705882,0.604887983706721,0.6467493340076793,102
13,Brazil,Brazil_Supplier_13,21.16,1391.56,7.0,4.45,35,0.651,0.743,Low,Low,1.0,0.5918367346938775,0.5588235294117647,0.2892057026476579,0.6455062065559422,103
186,Ethiopia,Ethiopia_Supplier_36,19.3,1021.86,7.0,5.52,37,0.874,0.5,Low,Low,1.0,0.2798833819241985,0.5,0.7433808553971487,0.6436470165604793,104
189,Ethiopia,Ethiopia_Supplier_39,23.03,1200.43,4.0,5.73,37,0.91,0.5,Low,Low,1.0,0.21865889212827982,0.5,0.8167006109979634,0.6430048452316626,105
216,Honduras,Honduras_Supplier_16,21.77,1109.28,10.0,3.72,32,0.824,0.669,Medium,Medium,0.5,0.8046647230320699,0.6470588235294117,0.6415478615071282,0.641240458941796,106
4,Brazil,Brazil_Supplier_4,25.47,1352.12,2.0,4.86,30,0.623,0.909,Low,Low,1.0,0.4723032069970845,0.7058823529411764,0.23217922606924643,0.6409822351984145,107
238,Honduras,Honduras_Supplier_38,22.12,1497.03,8.0,3.61,30,0.766,0.77,Medium,Medium,0.5,0.8367346938775511,0.7058823529411764,0.5234215885947047,0.6403385794236228,108
103,Vietnam,Vietnam_Supplier_3,26.25,1253.88,8.0,4.14,30,0.857,0.743,High,Medium,0.5,0.6822157434402334,0.7058823529411764,0.7087576374745417,0.6387760515902609,109
207,Honduras,Honduras_Supplier_7,24.52,1615.14,8.0,3.63,30,0.761,0.707,Medium,Medium,0.5,0.8309037900874636,0.7058823529411764,0.5132382892057027,0.6368441935983006,110
41,Brazil,Brazil_Supplier_41,22.48,1651.04,8.0,3.54,32,0.78,0.69,Medium,Medium,0.5,0.8571428571428571,0.6470588235294117,0.5519348268839104,0.6364373855448493,111
228,Honduras,Honduras_Supplier_28,21.33,1031.14,7.0,4.53,36,0.66,0.587,Low,Low,1.0,0.5685131195335276,0.5294117647058824,0.30753564154786156,0.6359883493694248,112
15,Brazil,Brazil_Supplier_15,23.09,1749.38,2.0,4.89,42,0.831,0.677,Low,Low,1.0,0.46355685131195346,0.3529411764705882,0.655804480651731,0.6352854030759816,113
142,Vietnam,Vietnam_Supplier_42,22.37,1607.54,9.0,3.29,37,0.821,0.718,Medium,Medium,0.5,0.9300291545189504,0.5,0.635437881873727,0.634594865004483,114
190,Ethiopia,Ethiopia_Supplier_40,23.74,1145.48,4.0,5.34,43,0.927,0.751,Low,Low,1.0,0.33236151603498554,0.32352941176470584,0.8513238289205703,0.6342374977340369,115
182,Ethiopia,Ethiopia_Supplier_32,17.82,1410.93,3.0,4.98,35,0.711,0.67,Low,Low,1.0,0.43731778425655965,0.5588235294117647,0.4114052953156822,0.6313163874802175,116
144,Vietnam,Vietnam_Supplier_44,23.29,1209.7,9.0,3.73,33,0.817,0.664,Medium,Medium,0.5,0.8017492711370262,0.6176470588235294,0.6272912423625253,0.630307330962644,117
187,Ethiopia,Ethiopia_Supplier_37,21.52,1465.37,4.0,5.01,42,0.839,0.696,Low,Low,1.0,0.4285714285714287,0.3529411764705882,0.6720977596741343,0.629797703195331,118
161,Ethiopia,Ethiopia_Supplier_11,16.84,1053.56,2.0,4.55,51,0.914,0.523,Low,Low,1.0,0.5626822157434404,0.08823529411764708,0.8248472505091651,0.6276988275671049,119
222,Honduras,Honduras_Supplier_22,21.56,1276.15,7.0,4.76,31,0.589,0.738,Low,Low,1.0,0.5014577259475219,0.6764705882352942,0.1629327902240325,0.6270686365905105,120
7,Brazil,Brazil_Supplier_7,20.04,1652.37,5.0,4.79,37,0.702,0.781,Low,Low,1.0,0.49271137026239065,0.5,0.3930753564154785,0.6267929138486934,121
66,Colombia,Colombia_Supplier_16,20.77,2447.28,3.0,4.04,33,0.861,0.923,Medium,Medium,0.5,0.7113702623906706,0.6176470588235294,0.7169042769857433,0.6256351857006986,122
21,Brazil,Brazil_Supplier_21,23.08,1680.91,6.0,4.42,44,0.756,0.686,Low,Low,1.0,0.6005830903790088,0.2941176470588235,0.5030549898167006,0.6242861823227982,123
239,Honduras,Honduras_Supplier_39,24.03,1505.83,6.0,5.46,26,0.617,0.728,Low,Low,1.0,0.2973760932944607,0.8235294117647058,0.21995926680244396,0.6242182296252804,124
1,Brazil,Brazil_Supplier_1,23.0,1760.57,4.0,4.8,37,0.692,0.747,Low,Low,1.0,0.48979591836734704,0.5,0.3727087576374744,0.6219907311193316,125
243,Honduras,Honduras_Supplier_43,20.09,1466.34,9.0,4.37,26,0.782,0.739,Medium,Medium,0.5,0.6151603498542274,0.8235294117647058,0.5560081466395113,0.6208740697326356,126
16,Brazil,Brazil_Supplier_16,26.54,1444.16,5.0,4.01,31,0.802,0.83,Medium,Medium,0.5,0.7201166180758019,0.6764705882352942,0.5967413441955194,0.6184950704168779,127
240,Honduras,Honduras_Supplier_40,25.82,1090.64,8.0,4.04,29,0.771,0.727,Medium,Medium,0.5,0.7113702623906706,0.7352941176470589,0.5336048879837068,0.6183870726061738,128
179,Ethiopia,Ethiopia_Supplier_29,24.38,1409.84,7.0,5.39,44,0.914,0.81,Low,Low,1.0,0.31778425655976694,0.2941176470588235,0.8248472505091651,0.6179449260064807,129
124,Vietnam,Vietnam_Supplier_24,24.33,1558.95,3.0,3.91,43,0.631,0.975,Low,Low,1.0,0.749271137026239,0.32352941176470584,0.2484725050916497,0.6178946382160662,130
99,Colombia,Colombia_Supplier_49,18.46,2351.21,5.0,5.13,24,0.874,0.881,Medium,Medium,0.5,0.39358600583090386,0.8823529411764706,0.7433808553971487,0.6176609078312734,131
192,Ethiopia,Ethiopia_Supplier_42,16.14,1068.69,3.0,6.0,36,0.878,0.635,Low,Low,1.0,0.13994169096209919,0.5294117647058824,0.7515274949083504,0.6176438628986655,132
147,Vietnam,Vietnam_Supplier_47,22.43,1257.01,4.0,3.52,45,0.595,0.804,Low,Low,1.0,0.8629737609329445,0.2647058823529411,0.17515274949083495,0.6169504607196383,133
158,Ethiopia,Ethiopia_Supplier_8,21.42,845.4,7.0,4.65,36,1.0,0.635,Medium,Medium,0.5,0.5335276967930028,0.5294117647058824,1.0,0.6157348653747213,134
119,Vietnam,Vietnam_Supplier_19,25.04,1233.26,3.0,4.43,42,0.687,0.859,Low,Low,1.0,0.5976676384839651,0.3529411764705882,0.3625254582484726,0.6101572953883329,135
160,Ethiopia,Ethiopia_Supplier_10,22.36,1498.84,6.0,6.18,42,1.0,0.854,Low,Low,1.0,0.08746355685131213,0.3529411764705882,1.0,0.610101183330475,136
10,Brazil,Brazil_Supplier_10,26.97,1642.94,6.0,3.84,33,0.78,0.826,Medium,Medium,0.5,0.7696793002915452,0.6176470588235294,0.5519348268839104,0.6072185551555508,137
50,Brazil,Brazil_Supplier_50,26.45,1598.61,4.0,4.05,34,0.835,0.701,Medium,Medium,0.5,0.7084548104956269,0.5882352941176471,0.6639511201629327,0.6069627501859051,138
206,Honduras,Honduras_Supplier_6,21.26,1765.96,5.0,4.98,37,0.686,0.763,Low,Low,1.0,0.43731778425655965,0.5,0.3604887983706722,0.6064272057382744,139
63,Colombia,Colombia_Supplier_13,18.84,2294.03,5.0,4.5,31,0.857,0.802,Medium,Medium,0.5,0.5772594752186588,0.6764705882352942,0.7087576374745417,0.6051840433583966,140
18,Brazil,Brazil_Supplier_18,25.54,1521.57,5.0,4.77,38,0.663,0.815,Low,Low,1.0,0.4985422740524783,0.47058823529411764,0.31364562118126277,0.6050117515729015,141
72,Colombia,Colombia_Supplier_22,19.14,1536.55,2.0,5.55,26,0.585,0.959,Low,Low,1.0,0.2711370262390672,0.8235294117647058,0.15478615071283086,0.6046238396435094,142
201,Honduras,Honduras_Supplier_1,23.25,1123.32,8.0,4.18,29,0.756,0.769,Medium,Medium,0.5,0.6705539358600584,0.7352941176470589,0.5030549898167006,0.6020730113401194,143
90,Colombia,Colombia_Supplier_40,20.04,2224.77,5.0,5.08,31,0.953,0.701,Medium,Medium,0.5,0.40816326530612246,0.6764705882352942,0.9042769857433808,0.6020138605340303,144
210,Honduras,Honduras_Supplier_10,23.75,1057.42,10.0,4.07,27,0.698,0.767,Medium,Medium,0.5,0.7026239067055393,0.7941176470588236,0.3849287169042769,0.6011711318219461,145
155,Ethiopia,Ethiopia_Supplier_5,18.55,1503.27,2.0,6.02,35,0.822,0.765,Low,Low,1.0,0.13411078717201186,0.5588235294117647,0.6374745417515274,0.6007284874962496,146
153,Ethiopia,Ethiopia_Supplier_3,20.06,1388.49,7.0,6.02,38,0.875,0.698,Low,Low,1.0,0.13411078717201186,0.47058823529411764,0.745417515274949,0.6002582586715222,147
152,Ethiopia,Ethiopia_Supplier_2,24.85,1456.17,2.0,4.76,49,0.847,0.759,Low,Low,1.0,0.5014577259475219,0.1470588235294118,0.6883910386965376,0.599807345108541,148
40,Brazil,Brazil_Supplier_40,24.96,1221.9,4.0,4.96,44,0.784,0.988,Low,Low,1.0,0.4431486880466473,0.2941176470588235,0.560081466395112,0.5963328770553902,149
49,Brazil,Brazil_Supplier_49,21.65,1291.42,5.0,4.81,43,0.739,0.778,Low,Low,1.0,0.4868804664723033,0.32352941176470584,0.4684317718940937,0.596288823938071,150
197,Ethiopia,Ethiopia_Supplier_47,16.67,1101.37,3.0,4.55,47,0.759,0.821,Low,Low,1.0,0.5626822157434404,0.20588235294117652,0.5091649694501018,0.5939741360611746,151
146,Vietnam,Vietnam_Supplier_46,27.37,1709.34,5.0,4.02,30,0.724,0.705,Medium,Medium,0.5,0.7172011661807581,0.7058823529411764,0.43788187372708753,0.5933472545259011,152
129,Vietnam,Vietnam_Supplier_29,23.54,1970.34,9.0,3.32,42,0.815,0.72,Medium,Medium,0.5,0.9212827988338192,0.3529411764705882,0.6232179226069245,0.5931995783474868,153
225,Honduras,Honduras_Supplier_25,24.54,1129.34,9.0,3.52,30,0.625,0.78,Medium,Medium,0.5,0.8629737609329445,0.7058823529411764,0.23625254582484723,0.5894645376334997,154
213,Honduras,Honduras_Supplier_13,21.88,1631.15,11.0,3.83,35,0.769,0.727,Medium,Medium,0.5,0.7725947521865889,0.5588235294117647,0.529531568228106,0.5887608840452097,155
209,Honduras,Honduras_Supplier_9,21.69,1642.79,11.0,5.28,32,0.969,0.591,Medium,Medium,0.5,0.34985422740524785,0.6470588235294117,0.9368635437881874,0.5866009714913024,156
33,Brazil,Brazil_Supplier_33,26.04,1082.5,6.0,4.86,26,0.782,0.787,Medium,Medium,0.5,0.4723032069970845,0.8235294117647058,0.5560081466395113,0.5851597840183499,157
73,Colombia,Colombia_Supplier_23,20.4,2059.64,1.0,5.72,34,0.709,0.772,Low,Low,1.0,0.22157434402332377,0.5882352941176471,0.4073319755600814,0.583918804647259,158
71,Colombia,Colombia_Supplier_21,18.51,2496.87,2.0,5.5,23,0.839,0.866,Medium,Medium,0.5,0.2857142857142858,0.9117647058823529,0.6720977596741343,0.5837892998339866,159
156,Ethiopia,Ethiopia_Supplier_6,24.58,1057.56,5.0,5.4,49,0.922,0.793,Low,Low,1.0,0.314868804664723,0.1470588235294118,0.8411405295315683,0.5837100129548474,160
177,Ethiopia,Ethiopia_Supplier_27,22.49,1255.8,6.0,5.85,41,0.854,0.72,Low,Low,1.0,0.1836734693877553,0.38235294117647056,0.7026476578411405,0.5820361342092846,161
214,Honduras,Honduras_Supplier_14,24.57,1760.62,6.0,5.41,32,0.606,0.5,Low,Low,1.0,0.3119533527696793,0.6470588235294117,0.19755600814663946,0.5792642457041006,162
157,Ethiopia,Ethiopia_Supplier_7,18.92,1088.84,2.0,5.74,42,0.845,0.956,Low,Low,1.0,0.21574344023323622,0.3529411764705882,0.6843177189409368,0.5790346979641434,163
127,Vietnam,Vietnam_Supplier_27,22.36,1947.55,4.0,3.46,46,0.509,0.79,Low,Low,1.0,0.880466472303207,0.23529411764705888,0.0,0.5789401474875664,164
113,Vietnam,Vietnam_Supplier_13,26.08,1257.76,6.0,3.52,37,0.722,0.855,Medium,Medium,0.5,0.8629737609329445,0.5,0.4338085539714867,0.5775051510275334,165
233,Honduras,Honduras_Supplier_33,21.0,1624.51,8.0,4.53,32,0.811,0.702,Medium,Medium,0.5,0.5685131195335276,0.6470588235294117,0.6150712830957231,0.5769072423848794,166
205,Honduras,Honduras_Supplier_5,25.36,1049.97,10.0,4.1,30,0.687,0.806,Medium,Medium,0.5,0.6938775510204083,0.7058823529411764,0.3625254582484726,0.5724450676400907,167
237,Honduras,Honduras_Supplier_37,21.74,1697.13,8.0,3.6,33,0.65,0.61,Medium,Medium,0.5,0.8396501457725947,0.6176470588235294,0.28716904276985744,0.5717581097030026,168
86,Colombia,Colombia_Supplier_36,19.48,2319.1,5.0,5.83,22,0.843,0.912,Medium,Medium,0.5,0.18950437317784263,0.9411764705882353,0.680244399185336,0.5687190907785866,169
215,Honduras,Honduras_Supplier_15,21.25,1294.97,8.0,5.26,28,0.847,0.88,Medium,Medium,0.5,0.3556851311953354,0.7647058823529411,0.6883910386965376,0.5677759611263766,170
204,Honduras,Honduras_Supplier_4,23.53,1300.26,12.0,5.41,28,0.867,0.7,Medium,Medium,0.5,0.3119533527696793,0.7647058823529411,0.7291242362525459,0.5649896560311642,171
172,Ethiopia,Ethiopia_Supplier_22,18.96,1440.56,7.0,6.47,37,0.845,0.648,Low,Low,1.0,0.002915451895043941,0.5,0.6843177189409368,0.5625924067619483,172
235,Honduras,Honduras_Supplier_35,20.98,1628.96,4.0,4.91,39,0.598,0.684,Low,Low,1.0,0.4577259475218659,0.4411764705882353,0.1812627291242362,0.5609781503523725,173
193,Ethiopia,Ethiopia_Supplier_43,24.42,1268.0,3.0,5.77,53,0.995,0.729,Low,Low,1.0,0.20699708454810517,0.02941176470588236,0.9898167006109979,0.5570655524356964,174
227,Honduras,Honduras_Supplier_27,25.96,1035.93,12.0,3.88,38,0.751,0.625,Medium,Medium,0.5,0.7580174927113703,0.47058823529411764,0.49287169042769857,0.5557257700869117,175
203,Honduras,Honduras_Supplier_3,21.37,1771.22,11.0,4.43,39,0.863,0.715,Medium,Medium,0.5,0.5976676384839651,0.4411764705882353,0.7209775967413442,0.5539065466163189,176
114,Vietnam,Vietnam_Supplier_14,24.63,1780.21,10.0,3.2,44,0.732,0.721,Medium,Medium,0.5,0.9562682215743439,0.2941176470588235,0.4541751527494908,0.55343149770819,177
77,Colombia,Colombia_Supplier_27,20.53,2392.67,3.0,5.18,24,0.722,1.0,Medium,Medium,0.5,0.37900874635568527,0.8823529411764706,0.4338085539714867,0.5521021326773363,178
236,Honduras,Honduras_Supplier_36,24.23,1653.7,9.0,3.76,37,0.702,0.634,Medium,Medium,0.5,0.793002915451895,0.5,0.3930753564154785,0.5518658001460695,179
230,Honduras,Honduras_Supplier_30,22.46,1648.7,10.0,3.76,36,0.682,0.767,Medium,Medium,0.5,0.793002915451895,0.5294117647058824,0.35234215885947057,0.5510721018113385,180
145,Vietnam,Vietnam_Supplier_45,24.86,1500.71,10.0,4.35,39,0.841,0.871,Medium,Medium,0.5,0.620991253644315,0.4411764705882353,0.6761710794297352,0.5507761469440846,181
35,Brazil,Brazil_Supplier_35,27.1,1280.73,4.0,3.63,39,0.703,0.823,Medium,Medium,0.5,0.8309037900874636,0.4411764705882353,0.3951120162932789,0.5470424684275805,182
151,Ethiopia,Ethiopia_Supplier_1,23.87,1252.07,7.0,6.05,48,0.918,0.57,Low,Low,1.0,0.1253644314868806,0.17647058823529416,0.8329938900203667,0.542057532934617,183
185,Ethiopia,Ethiopia_Supplier_35,15.64,1381.96,2.0,6.32,48,0.965,0.969,Low,Low,1.0,0.04664723032069973,0.17647058823529416,0.9287169042769857,0.5415228354943956,184
138,Vietnam,Vietnam_Supplier_38,27.27,1894.45,5.0,4.04,36,0.705,0.767,Medium,Medium,0.5,0.7113702623906706,0.5294117647058824,0.39918533604887974,0.5400325739839141,185
224,Honduras,Honduras_Supplier_24,21.45,1768.5,10.0,5.46,27,0.793,0.722,Medium,Medium,0.5,0.2973760932944607,0.7941176470588236,0.5784114052953158,0.5385557161473842,186
165,Ethiopia,Ethiopia_Supplier_15,19.11,1043.14,4.0,6.37,36,0.744,0.647,Low,Low,1.0,0.03206997084548113,0.5294117647058824,0.4786150712830957,0.53609344814446,187
181,Ethiopia,Ethiopia_Supplier_31,17.92,1437.54,2.0,6.43,49,0.989,0.647,Low,Low,1.0,0.014577259475218818,0.1470588235294118,0.9775967413441955,0.5359283690199967,188
116,Vietnam,Vietnam_Supplier_16,27.82,1563.03,4.0,4.24,38,0.765,0.611,Medium,Medium,0.5,0.6530612244897959,0.47058823529411764,0.5213849287169043,0.5351893506893592,189
8,Brazil,Brazil_Supplier_8,22.49,1260.15,8.0,4.24,35,0.71,0.794,Medium,Medium,0.5,0.6530612244897959,0.5588235294117647,0.40936863543788177,0.5348449155629665,190
163,Ethiopia,Ethiopia_Supplier_13,19.96,1105.8,4.0,6.0,48,0.89,0.68,Low,Low,1.0,0.13994169096209919,0.17647058823529416,0.7759674134419552,0.5342965524877394,191
180,Ethiopia,Ethiopia_Supplier_30,18.8,1483.76,2.0,5.98,53,0.971,0.656,Low,Low,1.0,0.1457725947521865,0.02941176470588236,0.9409368635437881,0.5319834625732749,192
194,Ethiopia,Ethiopia_Supplier_44,22.24,884.39,3.0,4.52,43,0.887,0.512,Medium,Medium,0.5,0.5714285714285716,0.32352941176470584,0.769857433808554,0.5277109825600301,193
199,Ethiopia,Ethiopia_Supplier_49,19.86,819.28,3.0,4.56,42,0.874,0.86,Medium,Medium,0.5,0.5597667638483966,0.3529411764705882,0.7433808553971487,0.5268531561591759,194
164,Ethiopia,Ethiopia_Supplier_14,17.62,972.89,6.0,5.48,35,0.91,0.587,Medium,Medium,0.5,0.29154518950437314,0.5588235294117647,0.8167006109979634,0.5259323019286272,195
65,Colombia,Colombia_Supplier_15,19.38,2222.25,5.0,4.36,33,0.672,1.0,Medium,Medium,0.5,0.6180758017492711,0.6176470588235294,0.33197556008146645,0.5253258271594934,196
183,Ethiopia,Ethiopia_Supplier_33,20.98,1008.07,2.0,6.31,52,0.995,0.871,Low,Low,1.0,0.04956268221574367,0.05882352941176472,0.9898167006109979,0.5250598930290766,197
143,Vietnam,Vietnam_Supplier_43,26.4,1815.44,3.0,3.39,45,0.711,0.638,Medium,Medium,0.5,0.9008746355685131,0.2647058823529411,0.4114052953156822,0.5236761885435,198
115,Vietnam,Vietnam_Supplier_15,24.95,1397.78,8.0,3.99,36,0.653,0.785,Medium,Medium,0.5,0.7259475218658891,0.5294117647058824,0.2932790224032587,0.5224956261235947,199
170,Ethiopia,Ethiopia_Supplier_20,20.19,943.42,7.0,4.63,44,0.908,0.788,Medium,Medium,0.5,0.5393586005830904,0.2941176470588235,0.8126272912423625,0.520894520158951,200
173,Ethiopia,Ethiopia_Supplier_23,23.94,1258.0,3.0,6.26,51,0.952,0.701,Low,Low,1.0,0.06413994169096227,0.08823529411764708,0.9022403258655803,0.5185418741252684,201
247,Honduras,Honduras_Supplier_47,22.21,1716.28,10.0,5.15,29,0.711,0.715,Medium,Medium,0.5,0.3877551020408163,0.7352941176470589,0.4114052953156822,0.5130433639851052,202
150,Vietnam,Vietnam_Supplier_50,26.49,1849.42,6.0,3.66,42,0.678,0.722,Medium,Medium,0.5,0.8221574344023324,0.3529411764705882,0.3441955193482689,0.5126137565878839,203
196,Ethiopia,Ethiopia_Supplier_46,18.06,1352.29,7.0,5.7,49,0.801,0.848,Low,Low,1.0,0.2274052478134111,0.1470588235294118,0.5947046843177191,0.5125569546992496,204
19,Brazil,Brazil_Supplier_19,22.94,1212.16,8.0,3.79,39,0.643,0.848,Medium,Medium,0.5,0.7842565597667638,0.4411764705882353,0.2729124236252546,0.5109407423138007,205
154,Ethiopia,Ethiopia_Supplier_4,17.47,1308.52,4.0,5.61,49,0.78,0.744,Low,Low,1.0,0.2536443148688047,0.1470588235294118,0.5519348268839104,0.5105627499763362,206
67,Colombia,Colombia_Supplier_17,22.18,2422.5,4.0,5.47,34,0.841,0.928,Medium,Medium,0.5,0.2944606413994171,0.5882352941176471,0.6761710794297352,0.5059081997652131,207
104,Vietnam,Vietnam_Supplier_4,26.1,1556.72,7.0,3.12,43,0.572,0.837,Medium,Medium,0.5,0.9795918367346939,0.32352941176470584,0.12830957230142556,0.501442226585135,208
20,Brazil,Brazil_Supplier_20,27.52,1763.14,2.0,4.89,33,0.705,0.878,Medium,Medium,0.5,0.46355685131195346,0.6176470588235294,0.39918533604887974,0.5001380447436466,209
198,Ethiopia,Ethiopia_Supplier_48,15.72,1086.74,4.0,6.48,44,0.819,0.742,Low,Low,1.0,0.0,0.2941176470588235,0.6313645621181262,0.4998023241883311,210
117,Vietnam,Vietnam_Supplier_17,26.24,1333.63,4.0,4.27,46,0.803,0.774,Medium,Medium,0.5,0.6443148688046649,0.23529411764705888,0.5987780040733198,0.4896578474275949,211
200,Ethiopia,Ethiopia_Supplier_50,17.89,1430.06,7.0,6.42,42,0.743,0.587,Low,Low,1.0,0.017492711370262537,0.3529411764705882,0.4765784114052953,0.4879241542412717,212
250,Honduras,Honduras_Supplier_50,25.48,1762.25,9.0,5.22,35,0.767,0.736,Medium,Medium,0.5,0.3673469387755104,0.5588235294117647,0.5254582484725051,0.4866342667413198,213
140,Vietnam,Vietnam_Supplier_40,27.79,1546.0,5.0,3.93,43,0.679,0.899,Medium,Medium,0.5,0.7434402332361516,0.32352941176470584,0.34623217922606936,0.4859888470954282,214
123,Vietnam,Vietnam_Supplier_23,27.27,1523.31,9.0,3.49,37,0.859,0.665,High,High,0.0,0.8717201166180757,0.5,0.7128309572301426,0.4854962206005474,215
242,Honduras,Honduras_Supplier_42,24.24,1488.01,10.0,4.68,35,0.664,0.89,Medium,Medium,0.5,0.5247813411078719,0.5588235294117647,0.3156822810590632,0.4840376738417218,216
43,Brazil,Brazil_Supplier_43,27.56,1503.27,5.0,4.51,37,0.667,0.77,Medium,Medium,0.5,0.5743440233236152,0.5,0.3217922606924644,0.48294445796939667,217
100,Colombia,Colombia_Supplier_50,21.95,2350.58,5.0,5.76,33,0.813,0.767,Medium,Medium,0.5,0.2099125364431489,0.6176470588235294,0.6191446028513237,0.4807188193869343,218
166,Ethiopia,Ethiopia_Supplier_16,22.31,1486.91,4.0,6.44,47,0.819,0.668,Low,Low,1.0,0.011661807580174988,0.20588235294117652,0.6313645621181262,0.48065895255396307,219
134,Vietnam,Vietnam_Supplier_34,25.24,1904.06,10.0,3.84,49,0.754,0.658,Medium,Medium,0.5,0.7696793002915452,0.1470588235294118,0.4989816700610998,0.4789808649674592,220
132,Vietnam,Vietnam_Supplier_32,24.35,1675.58,9.0,3.16,44,0.538,0.806,Medium,Medium,0.5,0.9679300291545189,0.2941176470588235,0.05906313645621187,0.477324546344578,221
188,Ethiopia,Ethiopia_Supplier_38,16.4,993.77,5.0,4.91,45,0.869,0.625,Medium,Medium,0.5,0.4577259475218659,0.2647058823529411,0.7331975560081466,0.4772474686703311,222
130,Vietnam,Vietnam_Supplier_30,27.4,1482.74,6.0,3.94,39,0.581,0.781,Medium,Medium,0.5,0.7405247813411079,0.4411764705882353,0.14663951120162924,0.47475321522266156,223
126,Vietnam,Vietnam_Supplier_26,26.59,1850.39,4.0,3.97,47,0.71,0.744,Medium,Medium,0.5,0.7317784256559766,0.20588235294117652,0.40936863543788177,0.46628892173686465,224
218,Honduras,Honduras_Supplier_18,20.06,1371.28,9.0,5.04,37,0.715,0.663,Medium,Medium,0.5,0.41982507288629745,0.5,0.41955193482688385,0.46386665518695114,225
139,Vietnam,Vietnam_Supplier_39,26.93,1306.02,8.0,3.55,31,0.706,0.803,High,High,0.0,0.8542274052478134,0.6764705882352942,0.4012219959266802,0.46291889755611293,226
56,Colombia,Colombia_Supplier_6,23.19,2317.07,2.0,5.86,28,0.683,0.904,Medium,Medium,0.5,0.18075801749271136,0.7647058823529411,0.35437881873727095,0.4572417387088673,227
102,Vietnam,Vietnam_Supplier_2,25.8,1631.99,8.0,4.41,43,0.681,0.71,Medium,Medium,0.5,0.6034985422740524,0.32352941176470584,0.3503054989816701,0.45181808830602355,228
171,Ethiopia,Ethiopia_Supplier_21,19.98,873.83,7.0,6.09,46,1.0,0.754,Medium,Medium,0.5,0.11370262390670571,0.23529411764705888,1.0,0.43724918538844115,229
131,Vietnam,Vietnam_Supplier_31,26.42,1890.24,3.0,3.96,42,0.546,0.777,Medium,Medium,0.5,0.7346938775510203,0.3529411764705882,0.07535641547861514,0.4369800466011252,230
105,Vietnam,Vietnam_Supplier_5,27.71,1320.85,9.0,3.32,30,0.575,0.894,High,High,0.0,0.9212827988338192,0.7058823529411764,0.13441955193482677,0.4336751983307143,231
92,Colombia,Colombia_Supplier_42,23.63,2298.78,6.0,5.97,31,0.682,0.674,Medium,Medium,0.5,0.14868804664723045,0.6764705882352942,0.35234215885947057,0.4267580904925252,232
121,Vietnam,Vietnam_Supplier_21,24.66,1894.51,9.0,4.4,43,0.592,0.817,Medium,Medium,0.5,0.6064139941690961,0.32352941176470584,0.16904276985743374,0.41629440545493723,233
246,Honduras,Honduras_Supplier_46,20.49,1761.19,11.0,5.34,33,0.578,0.748,Medium,Medium,0.5,0.33236151603498554,0.6176470588235294,0.140529531568228,0.4156080500282744,234
168,Ethiopia,Ethiopia_Supplier_18,20.44,857.21,6.0,5.32,48,0.829,0.707,Medium,Medium,0.5,0.33819241982507287,0.17647058823529416,0.6517311608961303,0.40901198419431783,235
29,Brazil,Brazil_Supplier_29,26.85,1526.95,3.0,4.38,43,0.56,0.928,Medium,Medium,0.5,0.6122448979591837,0.32352941176470584,0.10386965376782087,0.40471750818453656,236
46,Brazil,Brazil_Supplier_46,22.79,1411.19,8.0,4.19,44,0.543,0.791,Medium,Medium,0.5,0.6676384839650145,0.2941176470588235,0.06924643584521391,0.40428831992500225,237
175,Ethiopia,Ethiopia_Supplier_25,23.9,855.58,7.0,6.14,44,0.891,0.5,Medium,Medium,0.5,0.09912536443148712,0.2941176470588235,0.7780040733197556,0.4039115675365288,238
234,Honduras,Honduras_Supplier_34,24.97,1557.77,12.0,4.62,39,0.511,0.713,Medium,Medium,0.5,0.5422740524781341,0.4411764705882353,0.004073319755600819,0.3966772947177125,239
101,Vietnam,Vietnam_Supplier_1,26.46,1328.61,4.0,3.93,49,0.564,0.825,Medium,Medium,0.5,0.7434402332361516,0.1470588235294118,0.11201629327902228,0.3950280228471953,240
195,Ethiopia,Ethiopia_Supplier_45,20.77,830.62,5.0,5.88,43,0.781,0.792,Medium,Medium,0.5,0.17492711370262404,0.32352941176470584,0.5539714867617108,0.38540842871917463,241
34,Brazil,Brazil_Supplier_34,27.6,1458.75,8.0,4.24,26,0.541,0.977,High,High,0.0,0.6530612244897959,0.8235294117647058,0.0651731160896131,0.38218228228154805,242
137,Vietnam,Vietnam_Supplier_37,27.62,1643.04,9.0,4.4,32,0.656,0.867,High,High,0.0,0.6064139941690961,0.6470588235294117,0.2993890020366599,0.37324600483195897,243
167,Ethiopia,Ethiopia_Supplier_17,16.51,957.72,4.0,6.22,49,0.918,0.663,Medium,Medium,0.5,0.07580174927113725,0.1470588235294118,0.8329938900203667,0.3723139212042106,244
184,Ethiopia,Ethiopia_Supplier_34,23.92,929.73,3.0,5.67,54,0.907,0.816,Medium,Medium,0.5,0.23615160349854236,0.0,0.8105906313645622,0.37115602714754803,245
22,Brazil,Brazil_Supplier_22,27.02,1592.61,8.0,4.47,39,0.773,0.818,High,High,0.0,0.5860058309037901,0.4411764705882353,0.5376782077393075,0.36433121692086784,246
39,Brazil,Brazil_Supplier_39,27.94,1059.04,8.0,3.92,44,0.739,0.898,High,High,0.0,0.7463556851311953,0.2941176470588235,0.4684317718940937,0.3538046874263234,247
111,Vietnam,Vietnam_Supplier_11,26.25,1896.78,9.0,3.79,44,0.635,0.702,High,High,0.0,0.7842565597667638,0.2941176470588235,0.25661914460285135,0.32091738062696706,248
106,Vietnam,Vietnam_Supplier_6,27.19,1578.57,9.0,4.38,42,0.691,0.894,High,High,0.0,0.6122448979591837,0.3529411764705882,0.370672097759674,0.3154309381593778,249
112,Vietnam,Vietnam_Supplier_12,27.23,1375.37,8.0,4.49,49,0.587,0.806,High,High,0.0,0.5801749271137027,0.1470588235294118,0.15885947046843168,0.21358033175446495,250
